Episode_ID,Season,Episode,Rating,Votes
1,1,1,8.4,41983
2,1,2,8.4,25692
3,1,3,8.0,8601
4,1,4,8.3,7400
5,1,5,7.4,5308
6,1,6,7.6,5198
7,1,7,7.5,4765
8,1,8,7.7,4537
9,1,9,7.1,4102
10,1,10,7.3,3864
11,1,11,7.3,3718
12,1,12,7.5,3607
13,1,13,7.5,3502
14,1,14,7.5,3423
15,1,15,7.4,3365
16,1,16,7.6,3345
17,1,17,8.1,3612
18,1,18,6.7,3376
19,1,19,8.9,5951
20,1,20,7.6,3246
21,1,21,7.6,3113
22,1,22,7.5,3029
23,1,23,7.8,3207
24,1,24,9.2,7120
25,1,25,7.5,2999
26,1,26,8.8,4642
27,1,27,7.5,2930
28,1,28,7.7,2894
29,1,29,7.9,3068
30,1,30,8.4,3890
31,1,31,7.6,2800
32,1,32,7.7,2751
33,1,33,7.8,2870
34,1,34,7.4,2846
35,1,35,8.2,3275
36,1,36,9.0,5452
37,1,37,9.3,7307
38,1,38,8.2,3295
39,1,39,8.0,3056
40,1,40,8.0,2997
41,1,41,8.1,2958
42,1,42,8.0,2927
43,1,43,8.7,4055
44,1,44,7.9,2948
45,1,45,7.7,2882
46,1,46,6.3,2710
47,1,47,6.1,2687
48,1,48,7.9,2949
49,1,49,8.0,3169
50,1,50,7.4,2745
51,1,51,6.9,2361
52,1,52,8.3,2864
53,1,53,8.5,3331
54,1,54,7.0,1927
55,1,55,6.7,1898
56,1,56,6.6,1847
57,1,57,6.5,1825
58,1,58,6.6,1799
59,1,59,6.8,1802
60,1,60,7.0,1801
61,1,61,7.5,2017
62,1,62,7.5,2154
63,1,63,7.5,2130
64,1,64,7.6,2046
65,1,65,8.2,2270
66,1,66,8.0,2186
67,1,67,7.9,2170
68,1,68,6.6,1993
69,1,69,6.8,1996
70,1,70,7.1,1973
71,1,71,7.3,1983
72,1,72,7.2,1935
73,1,73,7.4,1929
74,1,74,7.6,1958
75,1,75,7.5,1920
76,1,76,7.6,1913
77,1,77,7.5,1930
78,1,78,7.2,1917
79,1,79,7.5,1875
80,1,80,7.6,1888
81,1,81,7.5,1850
82,1,82,7.5,1858
83,1,83,8.1,2401
84,1,84,7.9,2019
85,1,85,8.5,2836
86,1,86,9.4,5547
87,1,87,8.1,2266
88,1,88,7.8,1905
89,1,89,7.8,1880
90,1,90,8.9,3767
91,1,91,7.9,1943
92,1,92,7.6,1845
93,1,93,7.2,1827
94,1,94,8.9,4187
95,1,95,8.2,2111
96,1,96,7.3,1820
97,1,97,7.2,1773
98,1,98,6.8,1643
99,1,99,6.8,1602
100,1,100,7.4,1805
101,1,101,6.7,1615
102,1,102,7.0,1519
103,1,103,7.2,1626
104,1,104,7.9,1778
105,1,105,7.7,1613
106,1,106,8.1,1698
107,1,107,8.1,1684
108,1,108,8.2,1717
109,1,109,8.4,2241
110,1,110,9.2,4305
111,1,111,7.8,1641
112,1,112,8.1,1714
113,1,113,7.7,1605
114,1,114,7.8,1683
115,1,115,8.0,1762
116,1,116,7.9,1673
117,1,117,7.8,1692
118,1,118,7.7,1605
119,1,119,9.2,4493
120,1,120,7.9,1668
121,1,121,8.4,2146
122,1,122,8.8,3004
123,1,123,8.2,1751
124,1,124,8.1,1692
125,1,125,9.0,3663
126,1,126,9.5,6741
127,1,127,8.2,1707
128,1,128,8.0,1702
129,1,129,9.2,4329
130,1,130,8.6,2632
131,1,131,7.0,1326
132,1,132,6.5,1309
133,1,133,6.7,1271
134,1,134,6.7,1267
135,1,135,6.8,1232
136,1,136,6.5,1250
137,1,137,6.6,1239
138,1,138,6.5,1237
139,1,139,6.7,1227
140,1,140,6.7,1214
141,1,141,6.6,1199
142,1,142,6.6,1199
143,1,143,7.3,1217
144,1,144,7.2,1477
145,1,145,7.5,1537
146,1,146,8.1,1738
147,1,147,7.7,1592
148,1,148,7.5,1462
149,1,149,7.4,1423
150,1,150,8.1,1583
151,1,151,9.3,5111
152,1,152,8.3,1650
153,1,153,7.7,1416
154,1,154,7.4,1405
155,1,155,7.4,1381
156,1,156,7.5,1369
157,1,157,7.3,1359
158,1,158,7.6,1384
159,1,159,7.5,1356
160,1,160,7.5,1355
161,1,161,7.3,1363
162,1,162,7.7,1348
163,1,163,7.6,1338
164,1,164,7.8,1379
165,1,165,7.6,1322
166,1,166,7.3,1342
167,1,167,7.4,1310
168,1,168,7.3,1343
169,1,169,7.7,1398
170,1,170,7.9,1435
171,1,171,7.6,1358
172,1,172,7.7,1361
173,1,173,7.8,1387
174,1,174,7.9,1427
175,1,175,7.7,1357
176,1,176,7.9,1421
177,1,177,7.8,1397
178,1,178,8.3,1867
179,1,179,8.1,1498
180,1,180,8.9,3178
181,1,181,8.2,1478
182,1,182,9.0,3312
183,1,183,9.0,3255
184,1,184,8.0,1436
185,1,185,8.7,2708
186,1,186,7.8,1341
187,1,187,7.7,1411
188,1,188,7.8,1432
189,1,189,9.1,3436
190,1,190,8.0,1409
191,1,191,8.2,1411
192,1,192,9.3,3862
193,1,193,8.0,1483
194,1,194,8.0,1395
195,1,195,7.7,1322
196,1,196,7.1,1131
197,1,197,7.3,1126
198,1,198,7.1,1116
199,1,199,7.4,1146
200,1,200,7.5,1125
201,1,201,7.3,1064
202,1,202,7.3,1072
203,1,203,7.0,1081
204,1,204,7.2,1056
205,1,205,7.2,1057
206,1,206,7.6,1105
207,1,207,7.2,1252
208,1,208,7.0,1235
209,1,209,7.1,1218
210,1,210,7.0,1221
211,1,211,7.2,1232
212,1,212,7.5,1228
213,1,213,6.9,1147
214,1,214,7.3,1134
215,1,215,6.6,1192
216,1,216,6.5,1175
217,1,217,6.8,1246
218,1,218,6.9,1236
219,1,219,7.3,1185
220,1,220,7.0,1092
221,1,221,6.9,1081
222,1,222,6.6,990
223,1,223,6.9,981
224,1,224,6.7,976
225,1,225,6.3,1026
226,1,226,6.5,1059
227,1,227,8.9,3377
228,1,228,8.2,1689
229,1,229,7.6,1350
230,1,230,7.6,1292
231,1,231,7.6,1283
232,1,232,7.7,1276
233,1,233,7.9,1333
234,1,234,9.1,3571
235,1,235,9.4,5004
236,1,236,9.7,10547
237,1,237,7.7,1274
238,1,238,8.0,1326
239,1,239,7.8,1252
240,1,240,8.0,1369
241,1,241,7.7,1247
242,1,242,8.1,1353
243,1,243,9.1,3476
244,1,244,9.0,3115
245,1,245,8.5,1925
246,1,246,8.0,1342
247,1,247,8.2,1380
248,1,248,8.2,1360
249,1,249,8.2,1370
250,1,250,9.0,3187
251,1,251,8.9,2694
252,1,252,8.0,1304
253,1,253,7.8,1263
254,1,254,8.1,1358
255,1,255,7.9,1277
256,1,256,7.8,1232
257,1,257,8.0,1299
258,1,258,8.0,1338
259,1,259,7.3,1215
260,1,260,7.7,1226
261,1,261,7.9,1268
262,1,262,8.3,1606
263,1,263,8.0,1265
264,1,264,8.0,1299
265,1,265,7.8,1231
266,1,266,7.8,1208
267,1,267,7.9,1241
268,1,268,7.9,1248
269,1,269,8.0,1283
270,1,270,8.7,2334
271,1,271,8.1,1395
272,1,272,8.4,1785
273,1,273,9.3,4026
274,1,274,9.5,5666
275,1,275,9.0,3475
276,1,276,9.1,3476
277,1,277,9.4,4613
278,1,278,9.7,21495
279,1,279,6.2,1021
280,1,280,5.8,1029
281,1,281,6.0,1014
282,1,282,5.8,1006
283,1,283,5.8,998
284,1,284,8.1,1358
285,1,285,7.8,1214
286,1,286,7.9,1230
287,1,287,7.8,1216
288,1,288,8.1,1260
289,1,289,8.0,1277
290,1,290,8.6,2134
291,1,291,5.8,1054
292,1,292,5.6,1114
293,1,293,7.9,1277
294,1,294,8.1,1295
295,1,295,7.7,1183
296,1,296,8.1,1317
297,1,297,8.2,1299
298,1,298,8.6,2019
299,1,299,8.3,1515
300,1,300,9.2,3713
301,1,301,9.2,3558
302,1,302,8.2,1382
303,1,303,5.8,1048
304,1,304,9.0,3363
305,1,305,8.9,3143
306,1,306,8.1,1294
307,1,307,8.3,1587
308,1,308,9.0,3296
309,1,309,9.7,22543
310,1,310,9.2,3569
311,1,311,9.0,3276
312,1,312,9.7,22087
313,1,313,8.7,2299
314,1,314,9.2,3577
315,1,315,8.3,1577
316,1,316,9.2,3690
317,1,317,6.3,956
318,1,318,6.2,1004
319,1,319,6.7,937
320,1,320,8.1,1290
321,1,321,7.9,1207
322,1,322,8.0,1229
323,1,323,8.5,1457
324,1,324,8.2,1371
325,1,325,9.3,3775
326,1,326,6.7,865
327,1,327,6.3,875
328,1,328,6.4,869
329,1,329,6.5,854
330,1,330,6.3,835
331,1,331,6.4,827
332,1,332,6.5,827
333,1,333,6.3,831
334,1,334,6.6,816
335,1,335,6.6,824
336,1,336,5.2,1133
337,1,337,8.2,1373
338,1,338,8.1,1242
339,1,339,7.5,1120
340,1,340,7.5,1099
341,1,341,7.6,1117
342,1,342,7.5,1110
343,1,343,7.6,1069
344,1,344,7.5,1102
345,1,345,7.0,1065
346,1,346,7.5,1055
347,1,347,7.4,1052
348,1,348,7.7,1076
349,1,349,7.8,1084
350,1,350,7.7,1065
351,1,351,7.5,1059
352,1,352,7.6,1065
353,1,353,8.3,1231
354,1,354,7.2,1064
355,1,355,7.6,1064
356,1,356,7.7,1058
357,1,357,7.8,1090
358,1,358,7.6,1057
359,1,359,7.5,1093
360,1,360,7.7,1077
361,1,361,7.8,1098
362,1,362,8.2,1233
363,1,363,7.6,1056
364,1,364,7.2,1052
365,1,365,7.5,1047
366,1,366,7.4,1048
367,1,367,8.0,1124
368,1,368,7.9,1125
369,1,369,8.1,1132
370,1,370,7.9,1119
371,1,371,8.0,1126
372,1,372,9.0,2971
373,1,373,8.9,2686
374,1,374,8.5,1637
375,1,375,8.2,1354
376,1,376,9.1,3301
377,1,377,9.8,65062
378,1,378,8.3,1419
379,1,379,8.2,1282
380,1,380,9.3,3945
381,1,381,8.3,1265
382,1,382,6.3,854
383,1,383,6.3,850
384,1,384,7.3,933
385,1,385,7.5,1113
386,1,386,7.4,1076
387,1,387,7.3,1062
388,1,388,7.6,1074
389,1,389,7.7,1098
390,1,390,7.6,1188
391,1,391,7.9,1396
392,1,392,8.3,1613
393,1,393,8.2,1532
394,1,394,8.1,1436
395,1,395,8.3,1586
396,1,396,9.7,16459
397,1,397,9.3,4365
398,1,398,9.1,3236
399,1,399,9.1,3233
400,1,400,9.4,4508
401,1,401,9.1,3211
402,1,402,9.1,3284
403,1,403,9.2,3374
404,1,404,9.6,6901
405,1,405,9.8,55792
406,1,406,5.6,997
407,1,407,5.6,981
408,1,408,7.5,1213
409,1,409,7.7,1268
410,1,410,7.7,1259
411,1,411,7.8,1378
412,1,412,8.3,1835
413,1,413,8.9,2906
414,1,414,8.7,1997
415,1,415,8.9,2679
416,1,416,8.6,1916
417,1,417,8.5,1941
418,1,418,7.4,1053
419,1,419,6.9,1060
420,1,420,7.4,1032
421,1,421,7.5,1041
422,1,422,7.9,1096
423,1,423,7.9,1128
424,1,424,7.8,1063
425,1,425,7.7,1057
426,1,426,6.4,805
427,1,427,6.2,798
428,1,428,6.2,798
429,1,429,6.2,792
430,1,430,7.8,1057
431,1,431,7.6,1023
432,1,432,7.9,1130
433,1,433,8.0,1232
434,1,434,7.6,1080
435,1,435,8.1,1352
436,1,436,8.3,1480
437,1,437,8.1,1505
438,1,438,7.5,1076
439,1,439,7.2,1114
440,1,440,7.8,1145
441,1,441,7.9,1119
442,1,442,8.2,1168
443,1,443,8.2,1157
444,1,444,8.2,1225
445,1,445,7.7,1081
446,1,446,8.4,1452
447,1,447,9.0,3310
448,1,448,7.9,1291
449,1,449,8.2,1334
450,1,450,8.9,2684
451,1,451,9.3,4023
452,1,452,7.9,1199
453,1,453,7.0,1010
454,1,454,6.2,1079
455,1,455,7.0,992
456,1,456,7.0,1011
457,1,457,6.7,970
458,1,458,6.7,1078
459,1,459,9.2,3942
460,1,460,9.3,3873
461,1,461,9.3,4258
462,1,462,9.2,3671
463,1,463,9.3,3837
464,1,464,9.2,3622
465,1,465,9.4,4022
466,1,466,9.5,5055
467,1,467,9.4,4137
468,1,468,9.3,3719
469,1,469,9.1,3704
470,1,470,9.2,3674
471,1,471,9.2,3508
472,1,472,9.3,3822
473,1,473,9.2,3579
474,1,474,9.6,7305
475,1,475,9.3,3948
476,1,476,9.3,3685
477,1,477,9.2,3507
478,1,478,9.4,4425
479,1,479,9.3,3667
480,1,480,9.6,7348
481,1,481,9.7,8573
482,1,482,9.7,51454
483,1,483,9.7,59576
484,1,484,9.7,52865
485,1,485,9.8,58826
486,1,486,9.5,5684
487,1,487,9.3,4172
488,1,488,9.6,7674
489,1,489,9.6,7669
490,1,490,8.5,2392
491,1,491,8.7,2539
492,1,492,5.3,1109
493,1,493,8.3,2001
494,1,494,8.1,1698
495,1,495,7.9,1544
496,1,496,8.1,1735
497,1,497,7.9,1502
498,1,498,7.4,1307
499,1,499,7.4,1277
500,1,500,7.8,1384
501,1,501,7.9,1397
502,1,502,7.9,1426
503,1,503,9.0,2916
504,1,504,8.4,1680
505,1,505,9.2,3348
506,1,506,7.9,1413
507,1,507,7.9,1369
508,1,508,7.3,1109
509,1,509,7.6,1107
510,1,510,7.5,1096
511,1,511,8.3,1337
512,1,512,7.9,1248
513,1,513,7.4,1081
514,1,514,7.2,1065
515,1,515,7.8,1119
516,1,516,9.2,3289
517,1,517,9.2,3482
518,1,518,8.2,1550
519,1,519,7.9,1363
520,1,520,7.8,1249
521,1,521,9.2,3416
522,1,522,8.6,1939
523,1,523,7.9,1439
524,1,524,7.6,999
525,1,525,7.5,966
526,1,526,7.5,951
527,1,527,7.6,967
528,1,528,7.3,979
529,1,529,7.3,1144
530,1,530,7.3,955
531,1,531,7.1,949
532,1,532,7.2,960
533,1,533,7.3,937
534,1,534,7.5,931
535,1,535,7.2,931
536,1,536,7.7,964
537,1,537,7.7,953
538,1,538,7.6,928
539,1,539,7.6,940
540,1,540,7.7,959
541,1,541,8.3,1349
542,1,542,5.4,826
543,1,543,8.4,1455
544,1,544,7.6,957
545,1,545,7.3,970
546,1,546,8.0,1038
547,1,547,7.7,933
548,1,548,7.5,921
549,1,549,7.5,922
550,1,550,6.9,958
551,1,551,7.0,924
552,1,552,7.2,923
553,1,553,8.3,1293
554,1,554,9.0,2892
555,1,555,7.9,1032
556,1,556,7.6,936
557,1,557,7.6,915
558,1,558,7.3,913
559,1,559,7.1,912
560,1,560,7.3,921
561,1,561,7.3,910
562,1,562,7.1,920
563,1,563,6.9,952
564,1,564,7.2,920
565,1,565,7.7,1106
566,1,566,7.7,1048
567,1,567,7.7,1063
568,1,568,8.0,1238
569,1,569,7.5,1019
570,1,570,8.0,1103
571,1,571,8.0,1074
572,1,572,7.6,920
573,1,573,7.5,925
574,1,574,7.5,916
575,1,575,6.8,760
576,1,576,6.8,741
577,1,577,6.7,733
578,1,578,6.6,760
579,1,579,7.6,973
580,1,580,7.5,937
581,1,581,7.2,919
582,1,582,7.3,917
583,1,583,7.2,906
584,1,584,7.5,891
585,1,585,7.8,977
586,1,586,7.9,968
587,1,587,8.3,1157
588,1,588,7.9,931
589,1,589,7.4,878
590,1,590,5.6,906
591,1,591,7.4,888
592,1,592,7.2,875
593,1,593,7.7,878
594,1,594,7.9,941
595,1,595,7.5,872
596,1,596,7.4,866
597,1,597,8.0,915
598,1,598,7.6,868
599,1,599,7.7,881
600,1,600,7.2,881
601,1,601,7.2,868
602,1,602,7.3,868
603,1,603,7.9,891
604,1,604,7.6,861
605,1,605,7.4,885
606,1,606,7.5,867
607,1,607,8.1,958
608,1,608,7.7,886
609,1,609,7.7,877
610,1,610,7.4,877
611,1,611,7.4,869
612,1,612,7.6,979
613,1,613,8.9,2633
614,1,614,8.1,1119
615,1,615,7.9,1064
616,1,616,9.2,3005
617,1,617,8.2,1125
618,1,618,7.6,877
619,1,619,7.9,910
620,1,620,8.0,974
621,1,621,7.9,939
622,1,622,7.8,904
623,1,623,7.7,890
624,1,624,8.4,1475
625,1,625,8.1,1227
626,1,626,6.7,734
627,1,627,6.6,771
628,1,628,6.6,780
629,1,629,8.2,1344
630,1,630,7.8,1152
631,1,631,8.0,1216
632,1,632,7.7,1125
633,1,633,7.7,1101
634,1,634,7.9,1144
635,1,635,7.8,1141
636,1,636,7.8,1152
637,1,637,7.8,1103
638,1,638,8.0,1175
639,1,639,7.7,1091
640,1,640,7.4,951
641,1,641,7.5,992
642,1,642,8.4,1639
643,1,643,8.4,1661
644,1,644,7.9,1163
645,1,645,7.6,959
646,1,646,9.0,2830
647,1,647,7.7,970
648,1,648,7.6,945
649,1,649,8.4,1617
650,1,650,8.0,1169
651,1,651,8.1,1196
652,1,652,7.6,943
653,1,653,7.4,937
654,1,654,7.9,1120
655,1,655,8.5,1690
656,1,656,7.7,1072
657,1,657,7.6,930
658,1,658,7.9,1121
659,1,659,8.3,1363
660,1,660,8.3,1386
661,1,661,9.2,2844
662,1,662,9.2,2811
663,1,663,9.5,4721
664,1,664,7.6,965
665,1,665,7.5,929
666,1,666,7.7,1061
667,1,667,7.9,1137
668,1,668,7.8,1066
669,1,669,7.6,1051
670,1,670,8.0,1170
671,1,671,7.7,1049
672,1,672,7.9,1087
673,1,673,7.7,1033
674,1,674,8.0,1268
675,1,675,8.4,1608
676,1,676,8.7,1791
677,1,677,9.3,3513
678,1,678,9.4,3601
679,1,679,8.5,1754
680,1,680,8.7,1753
681,1,681,8.2,1270
682,1,682,7.7,983
683,1,683,8.0,1196
684,1,684,7.8,1093
685,1,685,8.0,1189
686,1,686,7.9,1163
687,1,687,8.6,1756
688,1,688,7.7,1087
689,1,689,7.9,1128
690,1,690,7.5,940
691,1,691,7.5,938
692,1,692,8.1,1448
693,1,693,7.3,952
694,1,694,7.3,941
695,1,695,8.1,1178
696,1,696,8.5,1716
697,1,697,9.1,2946
698,1,698,9.3,3699
699,1,699,9.2,2931
700,1,700,8.9,2726
701,1,701,9.3,3141
702,1,702,9.2,3082
703,1,703,9.4,3595
704,1,704,9.2,3117
705,1,705,9.4,3668
706,1,706,9.7,13928
707,1,707,8.3,1680
708,1,708,9.1,2873
709,1,709,7.8,1164
710,1,710,8.2,1262
711,1,711,7.8,1127
712,1,712,8.2,1571
713,1,713,8.6,1851
714,1,714,7.6,1097
715,1,715,9.1,3021
716,1,716,8.8,2171
717,1,717,8.7,1904
718,1,718,8.3,1644
719,1,719,9.5,4643
720,1,720,9.0,2728
721,1,721,9.1,2686
722,1,722,9.3,2918
723,1,723,9.5,5246
724,1,724,9.0,2686
725,1,725,9.3,4299
726,1,726,9.7,23249
727,1,727,8.9,2315
728,1,728,9.2,3257
729,1,729,8.7,2012
730,1,730,7.8,1142
731,1,731,7.7,985
732,1,732,8.1,1210
733,1,733,9.4,4127
734,1,734,7.7,1107
735,1,735,8.4,1661
736,1,736,9.1,2778
737,1,737,8.7,1918
738,1,738,9.1,2754
739,1,739,9.2,3110
740,1,740,7.8,1121
741,1,741,7.7,1078
742,1,742,7.8,1047
743,1,743,9.1,2714
744,1,744,9.2,2960
745,1,745,9.1,2843
746,1,746,8.8,1959
747,1,747,6.4,748
748,1,748,6.2,746
749,1,749,6.3,729
750,1,750,6.3,726
751,1,751,7.1,834
752,1,752,7.6,856
753,1,753,7.4,857
754,1,754,7.5,835
755,1,755,7.5,875
756,1,756,7.5,842
757,1,757,7.5,837
758,1,758,7.4,841
759,1,759,7.7,1003
760,1,760,7.7,999
761,1,761,7.6,896
762,1,762,7.9,1076
763,1,763,8.4,1608
764,1,764,8.6,1750
765,1,765,7.3,894
766,1,766,7.6,1024
767,1,767,9.2,2904
768,1,768,7.8,1093
769,1,769,8.7,1958
770,1,770,9.1,2709
771,1,771,8.2,1023
772,1,772,8.0,950
773,1,773,7.9,914
774,1,774,8.1,1030
775,1,775,7.2,835
776,1,776,7.5,839
777,1,777,7.0,917
778,1,778,7.1,884
779,1,779,7.7,858
780,1,780,6.8,748
781,1,781,6.7,754
782,1,782,7.0,746
783,1,783,7.6,1078
784,1,784,7.6,1077
785,1,785,8.4,1843
786,1,786,7.9,1152
787,1,787,7.7,1072
788,1,788,7.4,1026
789,1,789,7.8,1073
790,1,790,7.7,1065
791,1,791,7.2,918
792,1,792,7.3,904
793,1,793,8.2,1144
794,1,794,7.9,1120
795,1,795,7.5,1033
796,1,796,7.6,1023
797,1,797,7.7,1065
798,1,798,8.2,1539
799,1,799,8.5,1833
800,1,800,8.6,1808
801,1,801,8.3,1614
802,1,802,8.8,2396
803,1,803,9.2,2901
804,1,804,9.5,5068
805,1,805,8.9,2620
806,1,806,9.1,3035
807,1,807,8.3,2247
808,1,808,9.7,44939
809,1,809,9.0,2953
810,1,810,9.1,2771
811,1,811,8.9,2610
812,1,812,8.8,2495
813,1,813,8.5,1876
814,1,814,8.5,1861
815,1,815,8.9,2531
816,1,816,9.0,2708
817,1,817,9.6,6168
818,1,818,9.2,2899
819,1,819,9.2,2924
820,1,820,8.9,2670
821,1,821,8.5,1945
822,1,822,7.9,1351
823,1,823,8.3,1689
824,1,824,8.8,2059
825,1,825,9.5,4673
826,1,826,8.9,2517
827,1,827,7.9,1298
828,1,828,8.5,1786
829,1,829,7.9,1206
830,1,830,8.7,2030
831,1,831,7.9,1210
832,1,832,9.2,2902
833,1,833,9.5,4948
834,1,834,9.1,2686
835,1,835,9.1,2628
836,1,836,8.0,1278
837,1,837,8.8,2400
838,1,838,8.1,1241
839,1,839,8.4,1718
840,1,840,7.9,1163
841,1,841,8.6,1810
842,1,842,8.6,1811
843,1,843,7.8,1138
844,1,844,7.7,1093
845,1,845,7.8,1131
846,1,846,7.8,1124
847,1,847,7.8,1131
848,1,848,7.8,1162
849,1,849,9.4,3928
850,1,850,9.3,3744
851,1,851,8.9,2589
852,1,852,9.0,2731
853,1,853,8.5,1897
854,1,854,8.8,2450
855,1,855,8.6,1903
856,1,856,9.3,3530
857,1,857,9.0,2698
858,1,858,7.9,1299
859,1,859,7.5,979
860,1,860,7.9,1111
861,1,861,7.7,1003
862,1,862,9.1,2974
863,1,863,8.2,1214
864,1,864,9.0,2684
865,1,865,8.6,1848
866,1,866,8.1,1335
867,1,867,8.6,2016
868,1,868,9.5,5050
869,1,869,9.3,3579
870,1,870,9.7,21685
871,1,871,9.5,10068
872,1,872,8.9,2665
873,1,873,9.0,2843
874,1,874,8.6,1944
875,1,875,8.6,1967
876,1,876,8.9,2688
877,1,877,9.4,4736
878,1,878,8.7,2217
879,1,879,7.7,1013
880,1,880,7.7,1008
881,1,881,6.3,1148
882,1,882,6.5,1039
883,1,883,6.6,1021
884,1,884,6.7,1040
885,1,885,7.4,1175
886,1,886,7.3,1050
887,1,887,8.2,1740
888,1,888,7.7,1061
889,1,889,7.6,1087
890,1,890,7.3,1087
891,1,891,8.6,2248
892,1,892,9.3,4886
893,1,893,8.9,2992
894,1,894,9.1,3099
895,1,895,5.8,935
896,1,896,5.7,945
897,1,897,8.8,2673
898,1,898,8.6,2072
899,1,899,9.1,3268
900,1,900,8.6,2020
901,1,901,7.6,1234
902,1,902,7.5,1204
903,1,903,7.1,1164
904,1,904,7.0,1118
905,1,905,8.5,1958
906,1,906,8.6,1948
907,1,907,6.0,948
908,1,908,8.5,1995
909,1,909,9.0,2834
910,1,910,8.9,2733
911,1,911,8.2,1727
912,1,912,9.2,3789
913,1,913,9.3,3740
914,1,914,9.6,9942
915,1,915,9.6,8226
916,1,916,8.9,2905
917,1,917,9.0,3303
918,1,918,8.0,1665
919,1,919,8.2,1686
920,1,920,7.5,1347
921,1,921,6.9,1368
922,1,922,8.0,1813
923,1,923,8.1,1778
924,1,924,8.9,2953
925,1,925,9.0,3065
926,1,926,7.7,1316
927,1,927,7.5,1167
928,1,928,7.5,1155
929,1,929,7.4,1150
930,1,930,7.6,1223
931,1,931,7.5,1160
932,1,932,7.9,1356
933,1,933,8.9,3031
934,1,934,9.4,4703
935,1,935,8.1,1438
936,1,936,7.9,1353
937,1,937,7.7,1301
938,1,938,7.6,1172
939,1,939,8.8,2684
940,1,940,9.4,4669
941,1,941,9.2,3162
942,1,942,8.9,2830
943,1,943,8.6,2059
944,1,944,7.8,1382
945,1,945,8.6,2159
946,1,946,7.7,1344
947,1,947,7.6,1328
948,1,948,7.7,1361
949,1,949,9.1,3182
950,1,950,8.9,2980
951,1,951,8.2,1956
952,1,952,8.7,2267
953,1,953,8.6,2354
954,1,954,8.5,2237
955,1,955,8.2,2124
956,1,956,9.0,3478
957,1,957,9.6,13445
958,1,958,9.6,10343
959,1,959,9.0,5194
960,1,960,8.9,5472
961,1,961,8.9,5010
962,1,962,9.2,5557
963,1,963,9.4,6914
964,1,964,9.2,5322
965,1,965,9.6,14469
966,1,966,9.5,8250
967,1,967,9.5,7774
968,1,968,9.6,32147
969,1,969,9.4,6876
970,1,970,9.1,4831
971,1,971,9.2,4814
972,1,972,9.5,8609
973,1,973,9.4,5923
974,1,974,9.7,14853
975,1,975,9.4,5670
976,1,976,9.2,4851
977,1,977,9.5,7061
978,1,978,9.5,7473
979,1,979,9.0,4465
980,1,980,9.1,4253
981,1,981,9.1,4583
982,1,982,9.6,18671
983,1,983,8.4,3105
984,1,984,7.5,2549
985,1,985,7.8,2348
986,1,986,7.6,2215
987,1,987,8.0,2465
988,1,988,8.8,3480
989,1,989,8.2,2501
990,1,990,8.9,3557
991,1,991,7.9,2418
992,1,992,8.9,3624
993,1,993,7.8,2291
994,1,994,9.0,4144
995,1,995,9.6,8361
996,1,996,9.2,4164
997,1,997,8.9,3755
998,1,998,8.9,3735
999,1,999,8.2,2676
1000,1,1000,9.5,8128
1001,1,1001,8.9,4174
1002,1,1002,7.7,2654
1003,1,1003,8.3,3420
1004,1,1004,8.8,4875
1005,1,1005,6.7,6301
1006,1,1006,6.8,5254
1007,1,1007,6.6,4031
1008,1,1008,7.3,3565
1009,1,1009,7.1,3142
1010,1,1010,8.1,2888
1011,1,1011,7.7,2470
1012,1,1012,7.6,2408
1013,1,1013,8.9,3926
1014,1,1014,8.4,3315
1015,1,1015,9.7,88003
1016,1,1016,9.3,6535
1017,1,1017,9.6,22492
1018,1,1018,9.0,4625
1019,1,1019,7.7,2091
1020,1,1020,7.6,2182
1021,1,1021,7.7,2097
1022,1,1022,7.8,1843
1023,1,1023,7.5,1760
1024,1,1024,7.7,1850
1025,1,1025,9.0,3983
1026,1,1026,9.5,6569
1027,1,1027,9.6,7389
1028,1,1028,9.7,11020
1029,1,1029,7.0,1707
1030,1,1030,7.5,1616
1031,1,1031,7.8,1794
1032,1,1032,7.6,1725
1033,1,1033,9.6,8830
1034,1,1034,7.7,1685
1035,1,1035,7.7,1690
1036,1,1036,9.0,3757
1037,1,1037,7.3,1626
1038,1,1038,8.3,2119
1039,1,1039,7.7,1773
1040,1,1040,8.4,2061
1041,1,1041,7.2,1648
1042,1,1042,7.1,1754
1043,1,1043,8.1,1948
1044,1,1044,9.4,5008
1045,1,1045,9.1,3768
1046,1,1046,9.4,8987
1047,1,1047,7.8,3930
1048,1,1048,9.1,6463
1049,1,1049,9.4,8809
1050,1,1050,8.2,3700
1051,1,1051,9.2,6598
1052,1,1052,8.1,3360
1053,1,1053,8.0,3953
1054,1,1054,8.9,3806
1055,1,1055,7.4,3115
1056,1,1056,8.8,3795
1057,1,1057,8.6,3777
1058,1,1058,7.6,3129
1059,1,1059,8.3,3929
1060,1,1060,9.2,7749
1061,1,1061,9.6,32536
1062,1,1062,9.7,102327
1063,1,1063,8.2,5118
1064,1,1064,8.8,5341
1065,1,1065,8.4,4820
1066,1,1066,9.6,17655
1067,1,1067,9.3,11634
1068,1,1068,8.9,9600
1069,1,1069,9.3,13594
1070,1,1070,9.3,24901
1071,1,1071,9.2,75263
1072,1,1072,9.4,33377
1073,1,1073,7.9,13556
1074,1,1074,9.5,58074
1075,1,1075,9.0,18012
1076,1,1076,9.5,24637
1077,1,1077,8.6,6015
1078,1,1078,8.7,4462
1079,1,1079,8.4,3873
1080,1,1080,8.9,5018
1081,1,1081,9.0,6071
1082,1,1082,8.4,5909
1083,1,1083,8.0,3560
1084,1,1084,7.9,3396
1085,1,1085,8.5,3582
1086,1,1086,9.1,4713
1087,1,1087,9.3,5467
1088,1,1088,9.2,6043
1089,1,1089,9.6,35874
1090,1,1090,8.4,5035
1091,1,1091,8.2,4061
1092,1,1092,8.4,3974
1093,1,1093,9.6,18491
1094,1,1094,8.0,3633
1095,1,1095,8.0,3475
1096,1,1096,8.9,4354
1097,1,1097,8.7,3645
1098,1,1098,8.4,3157
1099,1,1099,8.5,3344
1100,1,1100,9.7,34172
1101,1,1101,9.6,18845
1102,1,1102,8.1,2858
1103,1,1103,8.5,3264
1104,1,1104,8.8,3230
1105,1,1105,8.3,2881
1106,1,1106,7.8,3271
1107,1,1107,7.4,3023
1108,1,1108,7.6,3097
1109,1,1109,9.2,7936
1110,1,1110,8.1,3110
1111,1,1111,8.4,2866
1112,1,1112,9.7,33541
1113,1,1113,8.3,3284
1114,1,1114,9.7,22976
1115,1,1115,9.7,17136
1116,1,1116,8.3,2962
1117,1,1117,8.1,2734
1118,1,1118,9.0,4586
1119,1,1119,9.5,8993
1120,1,1120,8.7,3888
1121,1,1121,9.5,15526
1122,1,1122,9.7,17562
1123,1,1123,9.0,6835
1124,1,1124,8.6,6013
1125,1,1125,9.5,8420
1126,1,1126,9.0,6305
1127,1,1127,9.6,10532
1128,1,1128,9.7,12241
1129,1,1129,9.6,9007
1130,1,1130,9.6,9045
1131,1,1131,9.1,5596
1132,1,1132,9.4,5636
1133,1,1133,9.2,5248
1134,1,1134,9.2,5243
1135,1,1135,9.3,6212
1136,1,1136,9.8,45713
1137,1,1137,9.7,17774
1138,1,1138,8.0,6530
1139,1,1139,8.3,5014
1140,1,1140,8.9,6310
1141,1,1141,8.6,4975
1142,1,1142,9.0,4969
1143,1,1143,8.9,4949
1144,1,1144,9.7,19406
1145,1,1145,8.8,4587
1146,1,1146,8.7,3412
1147,1,1147,8.0,3150
1148,1,1148,8.6,3099
1149,1,1149,9.3,3722
1150,1,1150,8.6,3350
1151,1,1151,9.6,7478
1152,1,1152,9.7,6722
1153,1,1153,9.8,9416
1154,1,1154,9.0,2639
1155,1,1155,9.4,3447
